Workbook

Sheet UI
A1: Onderwerp: | B1: Klas | C1: Leraar | D1: Klas | E1: Keuze | F1: =33-COUNTBLANK(F3:F34) -> 9
A2: Selectie: | B2: NEV | C2: {=_xlfn.UNIQUE(Lessen!C:C)} -> BC | D2: {=_xlfn.UNIQUE(Lessen!G:G)} -> 1LATA | E2: =IF(B$1="Klas",D2,C2) -> 1LATA | F2: {=_xlfn.UNIQUE(Lessen!B1:B625)} -> /nope/
C3: BH | D3: 1LATB | E3: =IF(B$1="Klas",D3,C3) -> 1LATB | F3: 38 | I3: {=IF(Rooster!B1<>-1,INDEX(Lessen!D$1:D$625,Rooster!B1+1,1),"")} -> WIS | J3: {=IF(Rooster!B8<>-1,INDEX(Lessen!D$1:D$625,Rooster!B8+1,1),"")} -> NWET | K3: {=IF(Rooster!B15<>-1,INDEX(Lessen!D$1:D$625,Rooster!B15+1,1),"")} -> NWET | L3: {=IF(Rooster!B19<>-1,INDEX(Lessen!D$1:D$625,Rooster!B19+1,1),"")} -> NWET | M3: {=IF(Rooster!B26<>-1,INDEX(Lessen!D$1:D$625,Rooster!B26+1,1),"")}
C4: CK | D4: 1LATE | E4: =IF(B$1="Klas",D4,C4) -> 1LATE | F4: 39 | I4: {=IF(Rooster!B2<>-1,INDEX(Lessen!D$1:D$625,Rooster!B2+1,1),"")} -> WIS | J4: {=IF(Rooster!B9<>-1,INDEX(Lessen!D$1:D$625,Rooster!B9+1,1),"")} -> WIS | K4: {=IF(Rooster!B16<>-1,INDEX(Lessen!D$1:D$625,Rooster!B16+1,1),"")} | L4: {=IF(Rooster!B20<>-1,INDEX(Lessen!D$1:D$625,Rooster!B20+1,1),"")} | M4: {=IF(Rooster!B27<>-1,INDEX(Lessen!D$1:D$625,Rooster!B27+1,1),"")} -> NWET
C5: DSG | D5: 1LATC | E5: =IF(B$1="Klas",D5,C5) -> 1LATC | F5: 40 | I5: {=IF(Rooster!B3<>-1,INDEX(Lessen!D$1:D$625,Rooster!B3+1,1),"")} | J5: {=IF(Rooster!B10<>-1,INDEX(Lessen!D$1:D$625,Rooster!B10+1,1),"")} | K5: {=IF(Rooster!B17<>-1,INDEX(Lessen!D$1:D$625,Rooster!B17+1,1),"")} -> NWET | L5: {=IF(Rooster!B21<>-1,INDEX(Lessen!D$1:D$625,Rooster!B21+1,1),"")} -> NWET | M5: {=IF(Rooster!B28<>-1,INDEX(Lessen!D$1:D$625,Rooster!B28+1,1),"")}
C6: KE | D6: 1LATD | E6: =IF(B$1="Klas",D6,C6) -> 1LATD | F6: 41 | I6: {=IF(Rooster!B4<>-1,INDEX(Lessen!D$1:D$625,Rooster!B4+1,1),"")} -> WIS | J6: {=IF(Rooster!B11<>-1,INDEX(Lessen!D$1:D$625,Rooster!B11+1,1),"")} -> NWET | K6: {=IF(Rooster!B18<>-1,INDEX(Lessen!D$1:D$625,Rooster!B18+1,1),"")} | L6: {=IF(Rooster!B22<>-1,INDEX(Lessen!D$1:D$625,Rooster!B22+1,1),"")} | M6: {=IF(Rooster!B29<>-1,INDEX(Lessen!D$1:D$625,Rooster!B29+1,1),"")} -> NWET
C7: LR | E7: =IF(B$1="Klas",D7,C7) | F7: 42 | I7: {=IF(Rooster!B5<>-1,INDEX(Lessen!D$1:D$625,Rooster!B5+1,1),"")} | J7: {=IF(Rooster!B12<>-1,INDEX(Lessen!D$1:D$625,Rooster!B12+1,1),"")} | L7: {=IF(Rooster!B23<>-1,INDEX(Lessen!D$1:D$625,Rooster!B23+1,1),"")} -> NWET | M7: {=IF(Rooster!B30<>-1,INDEX(Lessen!D$1:D$625,Rooster!B30+1,1),"")}
C8: MD | D8: 2LATB | E8: =IF(B$1="Klas",D8,C8) -> 2LATB | F8: 43 | I8: {=IF(Rooster!B6<>-1,INDEX(Lessen!D$1:D$625,Rooster!B6+1,1),"")} -> NWET | J8: {=IF(Rooster!B13<>-1,INDEX(Lessen!D$1:D$625,Rooster!B13+1,1),"")} -> NWET | L8: {=IF(Rooster!B24<>-1,INDEX(Lessen!D$1:D$625,Rooster!B24+1,1),"")} | M8: {=IF(Rooster!B31<>-1,INDEX(Lessen!D$1:D$625,Rooster!B31+1,1),"")} -> WIS
C9: NEV | D9: 2LATC | E9: =IF(B$1="Klas",D9,C9) -> 2LATC | F9: 44 | I9: {=IF(Rooster!B7<>-1,INDEX(Lessen!D$1:D$625,Rooster!B7+1,1),"")} | J9: {=IF(Rooster!B14<>-1,INDEX(Lessen!D$1:D$625,Rooster!B14+1,1),"")} | L9: {=IF(Rooster!B25<>-1,INDEX(Lessen!D$1:D$625,Rooster!B25+1,1),"")} -> NWET | M9: {=IF(Rooster!B32<>-1,INDEX(Lessen!D$1:D$625,Rooster!B32+1,1),"")}
C10: PM | D10: 2LATD | E10: =IF(B$1="Klas",D10,C10) -> 2LATD | F10: 45
C11: SC | D11: 2LATE | E11: =IF(B$1="Klas",D11,C11) -> 2LATE
C12: SE | D12: 2LATA | E12: =IF(B$1="Klas",D12,C12) -> 2LATA
C13: SK | D13: 2GLAA | E13: =IF(B$1="Klas",D13,C13) -> 2GLAA
C14: SN | D14: 0 | E14: =IF(B$1="Klas",D14,C14) -> 0
C15: UK | E15: =IF(B$1="Klas",D15,C15) -> 0
C16: VBI | E16: =IF(B$1="Klas",D16,C16) -> 0
C17: VCS | E17: =IF(B$1="Klas",D17,C17) -> 0
C18: VDA | E18: =IF(B$1="Klas",D18,C18) -> 0
C19: VDMB | E19: =IF(B$1="Klas",D19,C19) -> 0
C20: VHE | E20: =IF(B$1="Klas",D20,C20) -> 0
C21: VHUE | E21: =IF(B$1="Klas",D21,C21) -> 0
C22: VM | E22: =IF(B$1="Klas",D22,C22) -> 0
C23: VMS | E23: =IF(B$1="Klas",D23,C23) -> 0
E24: =IF(B$1="Klas",D24,C24) -> 0
C25: 0 | E25: =IF(B$1="Klas",D25,C25) -> 0
E26: =IF(B$1="Klas",D26,C26) -> 0
E27: =IF(B$1="Klas",D27,C27) -> 0
E28: =IF(B$1="Klas",D28,C28) -> 0
E29: =IF(B$1="Klas",D29,C29) -> 0
E30: =IF(B$1="Klas",D30,C30) -> 0
E31: =IF(B$1="Klas",D31,C31) -> 0
E32: =IF(B$1="Klas",D32,C32) -> 0
E33: =IF(B$1="Klas",D33,C33) -> 0
E34: =IF(B$1="Klas",D34,C34) -> 0
E35: =IF(B$1="Klas",D35,C35) -> 0
E36: =IF(B$1="Klas",D36,C36) -> 0
E37: =IF(B$1="Klas",D37,C37) -> 0
... E200: =IF(B$1="Klas",D200,C200) -> 0

Sheet Rooster
A1: 97,101,71,45,113,19,21,54,117,85 | B1: {=MAX(_xlfn.MAKEARRAY(UI!F$1,1,_xlfn.LAMBDA(_xlpm.r,_xlpm.c,IF(COUNTIF(Rooster!C1:BA1,INDEX(UI!F$2:F$33,_xlpm.r,1))>0,INDEX(UI!F$2:F$33,_xlpm.r,1)+1,0))))-1} -> 45 | C1: {=IF(A1="","",_xlfn.TEXTSPLIT(A1,","))} -> 97 | D1: 101 | E1: 71 | F1: 45 | G1: 113 | H1: 19 | I1: 21 | J1: 54 | K1: 117 | L1: 85
A2: 98,100,69,74,45,114,115,85,54,22 | B2: {=MAX(_xlfn.MAKEARRAY(UI!F$1,1,_xlfn.LAMBDA(_xlpm.r,_xlpm.c,IF(COUNTIF(Rooster!C2:BA2,INDEX(UI!F$2:F$33,_xlpm.r,1))>0,INDEX(UI!F$2:F$33,_xlpm.r,1)+1,0))))-1} -> 45 | C2: {=IF(A2="","",_xlfn.TEXTSPLIT(A2,","))} -> 98 | D2: 100 | E2: 69 | F2: 74 | G2: 45 | H2: 114 | I2: 115 | J2: 85 | K2: 54 | L2: 22
A3: 96,65,64,102,113,81,23,54,87,121 | B3: {=MAX(_xlfn.MAKEARRAY(UI!F$1,1,_xlfn.LAMBDA(_xlpm.r,_xlpm.c,IF(COUNTIF(Rooster!C3:BA3,INDEX(UI!F$2:F$33,_xlpm.r,1))>0,INDEX(UI!F$2:F$33,_xlpm.r,1)+1,0))))-1} -> -1 | C3: {=IF(A3="","",_xlfn.TEXTSPLIT(A3,","))} -> 96 | D3: 65 | E3: 64 | F3: 102 | G3: 113 | H3: 81 | I3: 23 | J3: 54 | K3: 87 | L3: 121
A4: 66,98,73,45,17,114,118,55,24,88 | B4: {=MAX(_xlfn.MAKEARRAY(UI!F$1,1,_xlfn.LAMBDA(_xlpm.r,_xlpm.c,IF(COUNTIF(Rooster!C4:BA4,INDEX(UI!F$2:F$33,_xlpm.r,1))>0,INDEX(UI!F$2:F$33,_xlpm.r,1)+1,0))))-1} -> 45 | C4: {=IF(A4="","",_xlfn.TEXTSPLIT(A4,","))} -> 66 | D4: 98 | E4: 73 | F4: 45 | G4: 17 | H4: 114 | I4: 118 | J4: 55 | K4: 24 | L4: 88
A5: 89,97,67,69,76,113,20,120,25,56 | B5: {=MAX(_xlfn.MAKEARRAY(UI!F$1,1,_xlfn.LAMBDA(_xlpm.r,_xlpm.c,IF(COUNTIF(Rooster!C5:BA5,INDEX(UI!F$2:F$33,_xlpm.r,1))>0,INDEX(UI!F$2:F$33,_xlpm.r,1)+1,0))))-1} -> -1 | C5: {=IF(A5="","",_xlfn.TEXTSPLIT(A5,","))} -> 89 | D5: 97 | E5: 67 | F5: 69 | G5: 76 | H5: 113 | I5: 20 | J5: 120 | K5: 25 | L5: 56
A6: 100,68,70,38,74,18,114,21,57,122 | B6: {=MAX(_xlfn.MAKEARRAY(UI!F$1,1,_xlfn.LAMBDA(_xlpm.r,_xlpm.c,IF(COUNTIF(Rooster!C6:BA6,INDEX(UI!F$2:F$33,_xlpm.r,1))>0,INDEX(UI!F$2:F$33,_xlpm.r,1)+1,0))))-1} -> 38 | C6: {=IF(A6="","",_xlfn.TEXTSPLIT(A6,","))} -> 100 | D6: 68 | E6: 70 | F6: 38 | G6: 74 | H6: 18 | I6: 114 | J6: 21 | K6: 57 | L6: 122
A7: 97,101,72,75,82,51,22,55,89,124 | B7: {=MAX(_xlfn.MAKEARRAY(UI!F$1,1,_xlfn.LAMBDA(_xlpm.r,_xlpm.c,IF(COUNTIF(Rooster!C7:BA7,INDEX(UI!F$2:F$33,_xlpm.r,1))>0,INDEX(UI!F$2:F$33,_xlpm.r,1)+1,0))))-1} -> -1 | C7: {=IF(A7="","",_xlfn.TEXTSPLIT(A7,","))} -> 97 | D7: 101 | E7: 72 | F7: 75 | G7: 82 | H7: 51 | I7: 22 | J7: 55 | K7: 89 | L7: 124
A8: 64,66,102,42,77,17,52,23,56,95 | B8: {=MAX(_xlfn.MAKEARRAY(UI!F$1,1,_xlfn.LAMBDA(_xlpm.r,_xlpm.c,IF(COUNTIF(Rooster!C8:BA8,INDEX(UI!F$2:F$33,_xlpm.r,1))>0,INDEX(UI!F$2:F$33,_xlpm.r,1)+1,0))))-1} -> 42 | C8: {=IF(A8="","",_xlfn.TEXTSPLIT(A8,","))} -> 64 | D8: 66 | E8: 102 | F8: 42 | G8: 77 | H8: 17 | I8: 52 | J8: 23 | K8: 56 | L8: 95
A9: 67,73,45,113,19,86,120,57,58,24 | B9: {=MAX(_xlfn.MAKEARRAY(UI!F$1,1,_xlfn.LAMBDA(_xlpm.r,_xlpm.c,IF(COUNTIF(Rooster!C9:BA9,INDEX(UI!F$2:F$33,_xlpm.r,1))>0,INDEX(UI!F$2:F$33,_xlpm.r,1)+1,0))))-1} -> 45 | C9: {=IF(A9="","",_xlfn.TEXTSPLIT(A9,","))} -> 67 | D9: 73 | E9: 45 | F9: 113 | G9: 19 | H9: 86 | I9: 120 | J9: 57 | K9: 58 | L9: 24
A10: 98,70,114,84,20,87,55,25,123,125 | B10: {=MAX(_xlfn.MAKEARRAY(UI!F$1,1,_xlfn.LAMBDA(_xlpm.r,_xlpm.c,IF(COUNTIF(Rooster!C10:BA10,INDEX(UI!F$2:F$33,_xlpm.r,1))>0,INDEX(UI!F$2:F$33,_xlpm.r,1)+1,0))))-1} -> -1 | C10: {=IF(A10="","",_xlfn.TEXTSPLIT(A10,","))} -> 98 | D10: 70 | E10: 114 | F10: 84 | G10: 20 | H10: 87 | I10: 55 | J10: 25 | K10: 123 | L10: 125
A11: 65,101,39,71,75,15,50,88,56,61 | B11: {=MAX(_xlfn.MAKEARRAY(UI!F$1,1,_xlfn.LAMBDA(_xlpm.r,_xlpm.c,IF(COUNTIF(Rooster!C11:BA11,INDEX(UI!F$2:F$33,_xlpm.r,1))>0,INDEX(UI!F$2:F$33,_xlpm.r,1)+1,0))))-1} -> 39 | C11: {=IF(A11="","",_xlfn.TEXTSPLIT(A11,","))} -> 65 | D11: 101 | E11: 39 | F11: 71 | G11: 75 | H11: 15 | I11: 50 | J11: 88 | K11: 56 | L11: 61
A12: 3,68,105,14,83,51,121,90,62,95 | B12: {=MAX(_xlfn.MAKEARRAY(UI!F$1,1,_xlfn.LAMBDA(_xlpm.r,_xlpm.c,IF(COUNTIF(Rooster!C12:BA12,INDEX(UI!F$2:F$33,_xlpm.r,1))>0,INDEX(UI!F$2:F$33,_xlpm.r,1)+1,0))))-1} -> -1 | C12: {=IF(A12="","",_xlfn.TEXTSPLIT(A12,","))} -> 3 | D12: 68 | E12: 105 | F12: 14 | G12: 83 | H12: 51 | I12: 121 | J12: 90 | K12: 62 | L12: 95
... A32: 66,101,74,50,114,115,88,57,61,31 | B32: {=MAX(_xlfn.MAKEARRAY(UI!F$1,1,_xlfn.LAMBDA(_xlpm.r,_xlpm.c,IF(COUNTIF(Rooster!C32:BA32,INDEX(UI!F$2:F$33,_xlpm.r,1))>0,INDEX(UI!F$2:F$33,_xlpm.r,1)+1,0))))-1} -> -1 | C32: {=IF(A32="","",_xlfn.TEXTSPLIT(A32,","))} -> 66 | D32: 101 | E32: 74 | F32: 50 | G32: 114 | H32: 115 | I32: 88 | J32: 57 | K32: 61 | L32: 31

Sheet Lessen
A1: BC,GODSD,1LATA,2 | B1: =IF(COUNTIF(C1:I1,UI!B$2)=0,"/nope/",ROW(A1)-1) -> /nope/ | C1: {=IF(A1="","",_xlfn.TEXTSPLIT(A1,","))} -> BC | D1: GODSD | E1: 1LATA | F1: 2 | G1: =IF(E1="","",IF(I1="",E1,"")) -> 1LATA | H1: {=_xlfn.TEXTSPLIT(E1,"/")} -> 1LATA
A2: BC,GODSD,1LATB,2 | B2: =IF(COUNTIF(C2:I2,UI!B$2)=0,"/nope/",ROW(A2)-1) -> /nope/ | C2: {=IF(A2="","",_xlfn.TEXTSPLIT(A2,","))} -> BC | D2: GODSD | E2: 1LATB | F2: 2 | G2: =IF(E2="","",IF(I2="",E2,"")) -> 1LATB | H2: {=_xlfn.TEXTSPLIT(E2,"/")} -> 1LATB
A3: BC,GODSD,1LATE,2 | B3: =IF(COUNTIF(C3:I3,UI!B$2)=0,"/nope/",ROW(A3)-1) -> /nope/ | C3: {=IF(A3="","",_xlfn.TEXTSPLIT(A3,","))} -> BC | D3: GODSD | E3: 1LATE | F3: 2 | G3: =IF(E3="","",IF(I3="",E3,"")) -> 1LATE | H3: {=_xlfn.TEXTSPLIT(E3,"/")} -> 1LATE
A4: BC,GODSD,1LATC,2 | B4: =IF(COUNTIF(C4:I4,UI!B$2)=0,"/nope/",ROW(A4)-1) -> /nope/ | C4: {=IF(A4="","",_xlfn.TEXTSPLIT(A4,","))} -> BC | D4: GODSD | E4: 1LATC | F4: 2 | G4: =IF(E4="","",IF(I4="",E4,"")) -> 1LATC | H4: {=_xlfn.TEXTSPLIT(E4,"/")} -> 1LATC
A5: BC,GODSD,1LATD,2 | B5: =IF(COUNTIF(C5:I5,UI!B$2)=0,"/nope/",ROW(A5)-1) -> /nope/ | C5: {=IF(A5="","",_xlfn.TEXTSPLIT(A5,","))} -> BC | D5: GODSD | E5: 1LATD | F5: 2 | G5: =IF(E5="","",IF(I5="",E5,"")) -> 1LATD | H5: {=_xlfn.TEXTSPLIT(E5,"/")} -> 1LATD
A6: BH,LO,2GLAA/2LATA,1 | B6: =IF(COUNTIF(C6:I6,UI!B$2)=0,"/nope/",ROW(A6)-1) -> /nope/ | C6: {=IF(A6="","",_xlfn.TEXTSPLIT(A6,","))} -> BH | D6: LO | E6: 2GLAA/2LATA | F6: 1 | G6: =IF(E6="","",IF(I6="",E6,"")) | H6: {=_xlfn.TEXTSPLIT(E6,"/")} -> 2GLAA | I6: 2LATA
A7: BH,LO,2LATB,2 | B7: =IF(COUNTIF(C7:I7,UI!B$2)=0,"/nope/",ROW(A7)-1) -> /nope/ | C7: {=IF(A7="","",_xlfn.TEXTSPLIT(A7,","))} -> BH | D7: LO | E7: 2LATB | F7: 2 | G7: =IF(E7="","",IF(I7="",E7,"")) -> 2LATB | H7: {=_xlfn.TEXTSPLIT(E7,"/")} -> 2LATB
A8: BH,LO,2LATC,2 | B8: =IF(COUNTIF(C8:I8,UI!B$2)=0,"/nope/",ROW(A8)-1) -> /nope/ | C8: {=IF(A8="","",_xlfn.TEXTSPLIT(A8,","))} -> BH | D8: LO | E8: 2LATC | F8: 2 | G8: =IF(E8="","",IF(I8="",E8,"")) -> 2LATC | H8: {=_xlfn.TEXTSPLIT(E8,"/")} -> 2LATC
A9: BH,LO,2LATD,2 | B9: =IF(COUNTIF(C9:I9,UI!B$2)=0,"/nope/",ROW(A9)-1) -> /nope/ | C9: {=IF(A9="","",_xlfn.TEXTSPLIT(A9,","))} -> BH | D9: LO | E9: 2LATD | F9: 2 | G9: =IF(E9="","",IF(I9="",E9,"")) -> 2LATD | H9: {=_xlfn.TEXTSPLIT(E9,"/")} -> 2LATD
A10: BH,LO,2LATE,2 | B10: =IF(COUNTIF(C10:I10,UI!B$2)=0,"/nope/",ROW(A10)-1) -> /nope/ | C10: {=IF(A10="","",_xlfn.TEXTSPLIT(A10,","))} -> BH | D10: LO | E10: 2LATE | F10: 2 | G10: =IF(E10="","",IF(I10="",E10,"")) -> 2LATE | H10: {=_xlfn.TEXTSPLIT(E10,"/")} -> 2LATE
A11: CK,LO,1LATA,2 | B11: =IF(COUNTIF(C11:I11,UI!B$2)=0,"/nope/",ROW(A11)-1) -> /nope/ | C11: {=IF(A11="","",_xlfn.TEXTSPLIT(A11,","))} -> CK | D11: LO | E11: 1LATA | F11: 2 | G11: =IF(E11="","",IF(I11="",E11,"")) -> 1LATA | H11: {=_xlfn.TEXTSPLIT(E11,"/")} -> 1LATA
A12: CK,LO,1LATB,2 | B12: =IF(COUNTIF(C12:I12,UI!B$2)=0,"/nope/",ROW(A12)-1) -> /nope/ | C12: {=IF(A12="","",_xlfn.TEXTSPLIT(A12,","))} -> CK | D12: LO | E12: 1LATB | F12: 2 | G12: =IF(E12="","",IF(I12="",E12,"")) -> 1LATB | H12: {=_xlfn.TEXTSPLIT(E12,"/")} -> 1LATB
A13: CK,LO,1LATE,2 | B13: =IF(COUNTIF(C13:I13,UI!B$2)=0,"/nope/",ROW(A13)-1) -> /nope/ | C13: {=IF(A13="","",_xlfn.TEXTSPLIT(A13,","))} -> CK | D13: LO | E13: 1LATE | F13: 2 | G13: =IF(E13="","",IF(I13="",E13,"")) -> 1LATE | H13: {=_xlfn.TEXTSPLIT(E13,"/")} -> 1LATE
A14: CK,LO,1LATC,2 | B14: =IF(COUNTIF(C14:I14,UI!B$2)=0,"/nope/",ROW(A14)-1) -> /nope/ | C14: {=IF(A14="","",_xlfn.TEXTSPLIT(A14,","))} -> CK | D14: LO | E14: 1LATC | F14: 2 | G14: =IF(E14="","",IF(I14="",E14,"")) -> 1LATC | H14: {=_xlfn.TEXTSPLIT(E14,"/")} -> 1LATC
A15: CK,LO,1LATD,2 | B15: =IF(COUNTIF(C15:I15,UI!B$2)=0,"/nope/",ROW(A15)-1) -> /nope/ | C15: {=IF(A15="","",_xlfn.TEXTSPLIT(A15,","))} -> CK | D15: LO | E15: 1LATD | F15: 2 | G15: =IF(E15="","",IF(I15="",E15,"")) -> 1LATD | H15: {=_xlfn.TEXTSPLIT(E15,"/")} -> 1LATD
A16: CK,LO,2GLAA/2LATA,1 | B16: =IF(COUNTIF(C16:I16,UI!B$2)=0,"/nope/",ROW(A16)-1) -> /nope/ | C16: {=IF(A16="","",_xlfn.TEXTSPLIT(A16,","))} -> CK | D16: LO | E16: 2GLAA/2LATA | F16: 1 | G16: =IF(E16="","",IF(I16="",E16,"")) | H16: {=_xlfn.TEXTSPLIT(E16,"/")} -> 2GLAA | I16: 2LATA
A17: DSG,NED,2GLAA/2LATA,1 | B17: =IF(COUNTIF(C17:I17,UI!B$2)=0,"/nope/",ROW(A17)-1) -> /nope/ | C17: {=IF(A17="","",_xlfn.TEXTSPLIT(A17,","))} -> DSG | D17: NED | E17: 2GLAA/2LATA | F17: 1 | G17: =IF(E17="","",IF(I17="",E17,"")) | H17: {=_xlfn.TEXTSPLIT(E17,"/")} -> 2GLAA | I17: 2LATA
A18: DSG,NED,2LATD,4 | B18: =IF(COUNTIF(C18:I18,UI!B$2)=0,"/nope/",ROW(A18)-1) -> /nope/ | C18: {=IF(A18="","",_xlfn.TEXTSPLIT(A18,","))} -> DSG | D18: NED | E18: 2LATD | F18: 4 | G18: =IF(E18="","",IF(I18="",E18,"")) -> 2LATD | H18: {=_xlfn.TEXTSPLIT(E18,"/")} -> 2LATD
A19: DSG,NED,2GLAA/2LATA,3 | B19: =IF(COUNTIF(C19:I19,UI!B$2)=0,"/nope/",ROW(A19)-1) -> /nope/ | C19: {=IF(A19="","",_xlfn.TEXTSPLIT(A19,","))} -> DSG | D19: NED | E19: 2GLAA/2LATA | F19: 3 | G19: =IF(E19="","",IF(I19="",E19,"")) | H19: {=_xlfn.TEXTSPLIT(E19,"/")} -> 2GLAA | I19: 2LATA
A20: DSG,NED,2LATB,4 | B20: =IF(COUNTIF(C20:I20,UI!B$2)=0,"/nope/",ROW(A20)-1) -> /nope/ | C20: {=IF(A20="","",_xlfn.TEXTSPLIT(A20,","))} -> DSG | D20: NED | E20: 2LATB | F20: 4 | G20: =IF(E20="","",IF(I20="",E20,"")) -> 2LATB | H20: {=_xlfn.TEXTSPLIT(E20,"/")} -> 2LATB
A21: DSG,NED,2LATE,4 | B21: =IF(COUNTIF(C21:I21,UI!B$2)=0,"/nope/",ROW(A21)-1) -> /nope/ | C21: {=IF(A21="","",_xlfn.TEXTSPLIT(A21,","))} -> DSG | D21: NED | E21: 2LATE | F21: 4 | G21: =IF(E21="","",IF(I21="",E21,"")) -> 2LATE | H21: {=_xlfn.TEXTSPLIT(E21,"/")} -> 2LATE
A22: KE,NED,1LATA,4 | B22: =IF(COUNTIF(C22:I22,UI!B$2)=0,"/nope/",ROW(A22)-1) -> /nope/ | C22: {=IF(A22="","",_xlfn.TEXTSPLIT(A22,","))} -> KE | D22: NED | E22: 1LATA | F22: 4 | G22: =IF(E22="","",IF(I22="",E22,"")) -> 1LATA | H22: {=_xlfn.TEXTSPLIT(E22,"/")} -> 1LATA
A23: KE,NED,1LATB,4 | B23: =IF(COUNTIF(C23:I23,UI!B$2)=0,"/nope/",ROW(A23)-1) -> /nope/ | C23: {=IF(A23="","",_xlfn.TEXTSPLIT(A23,","))} -> KE | D23: NED | E23: 1LATB | F23: 4 | G23: =IF(E23="","",IF(I23="",E23,"")) -> 1LATB | H23: {=_xlfn.TEXTSPLIT(E23,"/")} -> 1LATB
A24: KE,NED,1LATE,4 | B24: =IF(COUNTIF(C24:I24,UI!B$2)=0,"/nope/",ROW(A24)-1) -> /nope/ | C24: {=IF(A24="","",_xlfn.TEXTSPLIT(A24,","))} -> KE | D24: NED | E24: 1LATE | F24: 4 | G24: =IF(E24="","",IF(I24="",E24,"")) -> 1LATE | H24: {=_xlfn.TEXTSPLIT(E24,"/")} -> 1LATE
A25: KE,NED,1LATC,4 | B25: =IF(COUNTIF(C25:I25,UI!B$2)=0,"/nope/",ROW(A25)-1) -> /nope/ | C25: {=IF(A25="","",_xlfn.TEXTSPLIT(A25,","))} -> KE | D25: NED | E25: 1LATC | F25: 4 | G25: =IF(E25="","",IF(I25="",E25,"")) -> 1LATC | H25: {=_xlfn.TEXTSPLIT(E25,"/")} -> 1LATC
A26: KE,NED,1LATD,4 | B26: =IF(COUNTIF(C26:I26,UI!B$2)=0,"/nope/",ROW(A26)-1) -> /nope/ | C26: {=IF(A26="","",_xlfn.TEXTSPLIT(A26,","))} -> KE | D26: NED | E26: 1LATD | F26: 4 | G26: =IF(E26="","",IF(I26="",E26,"")) -> 1LATD | H26: {=_xlfn.TEXTSPLIT(E26,"/")} -> 1LATD
A27: LR,AARDR,2LATB,1 | B27: =IF(COUNTIF(C27:I27,UI!B$2)=0,"/nope/",ROW(A27)-1) -> /nope/ | C27: {=IF(A27="","",_xlfn.TEXTSPLIT(A27,","))} -> LR | D27: AARDR | E27: 2LATB | F27: 1 | G27: =IF(E27="","",IF(I27="",E27,"")) -> 2LATB | H27: {=_xlfn.TEXTSPLIT(E27,"/")} -> 2LATB
A28: LR,AARDR,2GLAA/2LATA,1 | B28: =IF(COUNTIF(C28:I28,UI!B$2)=0,"/nope/",ROW(A28)-1) -> /nope/ | C28: {=IF(A28="","",_xlfn.TEXTSPLIT(A28,","))} -> LR | D28: AARDR | E28: 2GLAA/2LATA | F28: 1 | G28: =IF(E28="","",IF(I28="",E28,"")) | H28: {=_xlfn.TEXTSPLIT(E28,"/")} -> 2GLAA | I28: 2LATA
A29: LR,AARDR,1LATE,2 | B29: =IF(COUNTIF(C29:I29,UI!B$2)=0,"/nope/",ROW(A29)-1) -> /nope/ | C29: {=IF(A29="","",_xlfn.TEXTSPLIT(A29,","))} -> LR | D29: AARDR | E29: 1LATE | F29: 2 | G29: =IF(E29="","",IF(I29="",E29,"")) -> 1LATE | H29: {=_xlfn.TEXTSPLIT(E29,"/")} -> 1LATE
A30: LR,AARDR,1LATD,2 | B30: =IF(COUNTIF(C30:I30,UI!B$2)=0,"/nope/",ROW(A30)-1) -> /nope/ | C30: {=IF(A30="","",_xlfn.TEXTSPLIT(A30,","))} -> LR | D30: AARDR | E30: 1LATD | F30: 2 | G30: =IF(E30="","",IF(I30="",E30,"")) -> 1LATD | H30: {=_xlfn.TEXTSPLIT(E30,"/")} -> 1LATD
A31: LR,NWET,2LATC,1 | B31: =IF(COUNTIF(C31:I31,UI!B$2)=0,"/nope/",ROW(A31)-1) -> /nope/ | C31: {=IF(A31="","",_xlfn.TEXTSPLIT(A31,","))} -> LR | D31: NWET | E31: 2LATC | F31: 1 | G31: =IF(E31="","",IF(I31="",E31,"")) -> 2LATC | H31: {=_xlfn.TEXTSPLIT(E31,"/")} -> 2LATC
A32: LR,NWET,2LATD,1 | B32: =IF(COUNTIF(C32:I32,UI!B$2)=0,"/nope/",ROW(A32)-1) -> /nope/ | C32: {=IF(A32="","",_xlfn.TEXTSPLIT(A32,","))} -> LR | D32: NWET | E32: 2LATD | F32: 1 | G32: =IF(E32="","",IF(I32="",E32,"")) -> 2LATD | H32: {=_xlfn.TEXTSPLIT(E32,"/")} -> 2LATD
A33: LR,NWET,2LATE,1 | B33: =IF(COUNTIF(C33:I33,UI!B$2)=0,"/nope/",ROW(A33)-1) -> /nope/ | C33: {=IF(A33="","",_xlfn.TEXTSPLIT(A33,","))} -> LR | D33: NWET | E33: 2LATE | F33: 1 | G33: =IF(E33="","",IF(I33="",E33,"")) -> 2LATE | H33: {=_xlfn.TEXTSPLIT(E33,"/")} -> 2LATE
A34: MD,AV,2LATA,2 | B34: =IF(COUNTIF(C34:I34,UI!B$2)=0,"/nope/",ROW(A34)-1) -> /nope/ | C34: {=IF(A34="","",_xlfn.TEXTSPLIT(A34,","))} -> MD | D34: AV | E34: 2LATA | F34: 2 | G34: =IF(E34="","",IF(I34="",E34,"")) -> 2LATA | H34: {=_xlfn.TEXTSPLIT(E34,"/")} -> 2LATA
A35: MD,AV,2LATB,2 | B35: =IF(COUNTIF(C35:I35,UI!B$2)=0,"/nope/",ROW(A35)-1) -> /nope/ | C35: {=IF(A35="","",_xlfn.TEXTSPLIT(A35,","))} -> MD | D35: AV | E35: 2LATB | F35: 2 | G35: =IF(E35="","",IF(I35="",E35,"")) -> 2LATB | H35: {=_xlfn.TEXTSPLIT(E35,"/")} -> 2LATB
A36: MD,AV,2LATC,2 | B36: =IF(COUNTIF(C36:I36,UI!B$2)=0,"/nope/",ROW(A36)-1) -> /nope/ | C36: {=IF(A36="","",_xlfn.TEXTSPLIT(A36,","))} -> MD | D36: AV | E36: 2LATC | F36: 2 | G36: =IF(E36="","",IF(I36="",E36,"")) -> 2LATC | H36: {=_xlfn.TEXTSPLIT(E36,"/")} -> 2LATC
A37: MD,AV,2LATD,2 | B37: =IF(COUNTIF(C37:I37,UI!B$2)=0,"/nope/",ROW(A37)-1) -> /nope/ | C37: {=IF(A37="","",_xlfn.TEXTSPLIT(A37,","))} -> MD | D37: AV | E37: 2LATD | F37: 2 | G37: =IF(E37="","",IF(I37="",E37,"")) -> 2LATD | H37: {=_xlfn.TEXTSPLIT(E37,"/")} -> 2LATD
A38: MD,AV,2LATE,2 | B38: =IF(COUNTIF(C38:I38,UI!B$2)=0,"/nope/",ROW(A38)-1) -> /nope/ | C38: {=IF(A38="","",_xlfn.TEXTSPLIT(A38,","))} -> MD | D38: AV | E38: 2LATE | F38: 2 | G38: =IF(E38="","",IF(I38="",E38,"")) -> 2LATE | H38: {=_xlfn.TEXTSPLIT(E38,"/")} -> 2LATE
A39: NEV,NWET,2LATB,1 | B39: =IF(COUNTIF(C39:I39,UI!B$2)=0,"/nope/",ROW(A39)-1) -> 38 | C39: {=IF(A39="","",_xlfn.TEXTSPLIT(A39,","))} -> NEV | D39: NWET | E39: 2LATB | F39: 1 | G39: =IF(E39="","",IF(I39="",E39,"")) -> 2LATB | H39: {=_xlfn.TEXTSPLIT(E39,"/")} -> 2LATB
A40: NEV,NWET,1LATA,2 | B40: =IF(COUNTIF(C40:I40,UI!B$2)=0,"/nope/",ROW(A40)-1) -> 39 | C40: {=IF(A40="","",_xlfn.TEXTSPLIT(A40,","))} -> NEV | D40: NWET | E40: 1LATA | F40: 2 | G40: =IF(E40="","",IF(I40="",E40,"")) -> 1LATA | H40: {=_xlfn.TEXTSPLIT(E40,"/")} -> 1LATA
... A44: NEV,NWET,1LATE,2 | B44: =IF(COUNTIF(C44:I44,UI!B$2)=0,"/nope/",ROW(A44)-1) -> 43 | C44: {=IF(A44="","",_xlfn.TEXTSPLIT(A44,","))} -> NEV | D44: NWET | E44: 1LATE | F44: 2 | G44: =IF(E44="","",IF(I44="",E44,"")) -> 1LATE | H44: {=_xlfn.TEXTSPLIT(E44,"/")} -> 1LATE
A45: NEV,NWET,2GLAA/2LATA,1 | B45: =IF(COUNTIF(C45:I45,UI!B$2)=0,"/nope/",ROW(A45)-1) -> 44 | C45: {=IF(A45="","",_xlfn.TEXTSPLIT(A45,","))} -> NEV | D45: NWET | E45: 2GLAA/2LATA | F45: 1 | G45: =IF(E45="","",IF(I45="",E45,"")) | H45: {=_xlfn.TEXTSPLIT(E45,"/")} -> 2GLAA | I45: 2LATA
A46: NEV,WIS,2LATE,5 | B46: =IF(COUNTIF(C46:I46,UI!B$2)=0,"/nope/",ROW(A46)-1) -> 45 | C46: {=IF(A46="","",_xlfn.TEXTSPLIT(A46,","))} -> NEV | D46: WIS | E46: 2LATE | F46: 5 | G46: =IF(E46="","",IF(I46="",E46,"")) -> 2LATE | H46: {=_xlfn.TEXTSPLIT(E46,"/")} -> 2LATE
A47: PM,GODSD,2LATD,2 | B47: =IF(COUNTIF(C47:I47,UI!B$2)=0,"/nope/",ROW(A47)-1) -> /nope/ | C47: {=IF(A47="","",_xlfn.TEXTSPLIT(A47,","))} -> PM | D47: GODSD | E47: 2LATD | F47: 2 | G47: =IF(E47="","",IF(I47="",E47,"")) -> 2LATD | H47: {=_xlfn.TEXTSPLIT(E47,"/")} -> 2LATD
A48: PM,GODSD,2GLAA/2LATA,2 | B48: =IF(COUNTIF(C48:I48,UI!B$2)=0,"/nope/",ROW(A48)-1) -> /nope/ | C48: {=IF(A48="","",_xlfn.TEXTSPLIT(A48,","))} -> PM | D48: GODSD | E48: 2GLAA/2LATA | F48: 2 | G48: =IF(E48="","",IF(I48="",E48,"")) | H48: {=_xlfn.TEXTSPLIT(E48,"/")} -> 2GLAA | I48: 2LATA
A49: PM,GODSD,2LATB,2 | B49: =IF(COUNTIF(C49:I49,UI!B$2)=0,"/nope/",ROW(A49)-1) -> /nope/ | C49: {=IF(A49="","",_xlfn.TEXTSPLIT(A49,","))} -> PM | D49: GODSD | E49: 2LATB | F49: 2 | G49: =IF(E49="","",IF(I49="",E49,"")) -> 2LATB | H49: {=_xlfn.TEXTSPLIT(E49,"/")} -> 2LATB
A50: PM,GODSD,2LATC,2 | B50: =IF(COUNTIF(C50:I50,UI!B$2)=0,"/nope/",ROW(A50)-1) -> /nope/ | C50: {=IF(A50="","",_xlfn.TEXTSPLIT(A50,","))} -> PM | D50: GODSD | E50: 2LATC | F50: 2 | G50: =IF(E50="","",IF(I50="",E50,"")) -> 2LATC | H50: {=_xlfn.TEXTSPLIT(E50,"/")} -> 2LATC
A51: PM,GODSD,2LATE,2 | B51: =IF(COUNTIF(C51:I51,UI!B$2)=0,"/nope/",ROW(A51)-1) -> /nope/ | C51: {=IF(A51="","",_xlfn.TEXTSPLIT(A51,","))} -> PM | D51: GODSD | E51: 2LATE | F51: 2 | G51: =IF(E51="","",IF(I51="",E51,"")) -> 2LATE | H51: {=_xlfn.TEXTSPLIT(E51,"/")} -> 2LATE
A52: SC,LAT,2GLAA/2LATA,5 | B52: =IF(COUNTIF(C52:I52,UI!B$2)=0,"/nope/",ROW(A52)-1) -> /nope/ | C52: {=IF(A52="","",_xlfn.TEXTSPLIT(A52,","))} -> SC | D52: LAT | E52: 2GLAA/2LATA | F52: 5 | G52: =IF(E52="","",IF(I52="",E52,"")) | H52: {=_xlfn.TEXTSPLIT(E52,"/")} -> 2GLAA | I52: 2LATA
A53: SC,LAT,2LATB,5 | B53: =IF(COUNTIF(C53:I53,UI!B$2)=0,"/nope/",ROW(A53)-1) -> /nope/ | C53: {=IF(A53="","",_xlfn.TEXTSPLIT(A53,","))} -> SC | D53: LAT | E53: 2LATB | F53: 5 | G53: =IF(E53="","",IF(I53="",E53,"")) -> 2LATB | H53: {=_xlfn.TEXTSPLIT(E53,"/")} -> 2LATB
A54: SE,WIS,2GLAA/2LATA,1 | B54: =IF(COUNTIF(C54:I54,UI!B$2)=0,"/nope/",ROW(A54)-1) -> /nope/ | C54: {=IF(A54="","",_xlfn.TEXTSPLIT(A54,","))} -> SE | D54: WIS | E54: 2GLAA/2LATA | F54: 1 | G54: =IF(E54="","",IF(I54="",E54,"")) | H54: {=_xlfn.TEXTSPLIT(E54,"/")} -> 2GLAA | I54: 2LATA
A55: SE,WIS,2GLAA/2LATA,4 | B55: =IF(COUNTIF(C55:I55,UI!B$2)=0,"/nope/",ROW(A55)-1) -> /nope/ | C55: {=IF(A55="","",_xlfn.TEXTSPLIT(A55,","))} -> SE | D55: WIS | E55: 2GLAA/2LATA | F55: 4 | G55: =IF(E55="","",IF(I55="",E55,"")) | H55: {=_xlfn.TEXTSPLIT(E55,"/")} -> 2GLAA | I55: 2LATA
A56: SE,WIS,2LATB,5 | B56: =IF(COUNTIF(C56:I56,UI!B$2)=0,"/nope/",ROW(A56)-1) -> /nope/ | C56: {=IF(A56="","",_xlfn.TEXTSPLIT(A56,","))} -> SE | D56: WIS | E56: 2LATB | F56: 5 | G56: =IF(E56="","",IF(I56="",E56,"")) -> 2LATB | H56: {=_xlfn.TEXTSPLIT(E56,"/")} -> 2LATB
A57: SE,WIS,1LATC,5 | B57: =IF(COUNTIF(C57:I57,UI!B$2)=0,"/nope/",ROW(A57)-1) -> /nope/ | C57: {=IF(A57="","",_xlfn.TEXTSPLIT(A57,","))} -> SE | D57: WIS | E57: 1LATC | F57: 5 | G57: =IF(E57="","",IF(I57="",E57,"")) -> 1LATC | H57: {=_xlfn.TEXTSPLIT(E57,"/")} -> 1LATC
A58: SE,WIS,1LATD,5 | B58: =IF(COUNTIF(C58:I58,UI!B$2)=0,"/nope/",ROW(A58)-1) -> /nope/ | C58: {=IF(A58="","",_xlfn.TEXTSPLIT(A58,","))} -> SE | D58: WIS | E58: 1LATD | F58: 5 | G58: =IF(E58="","",IF(I58="",E58,"")) -> 1LATD | H58: {=_xlfn.TEXTSPLIT(E58,"/")} -> 1LATD
A59: SK,ENG,2LATD,2 | B59: =IF(COUNTIF(C59:I59,UI!B$2)=0,"/nope/",ROW(A59)-1) -> /nope/ | C59: {=IF(A59="","",_xlfn.TEXTSPLIT(A59,","))} -> SK | D59: ENG | E59: 2LATD | F59: 2 | G59: =IF(E59="","",IF(I59="",E59,"")) -> 2LATD | H59: {=_xlfn.TEXTSPLIT(E59,"/")} -> 2LATD
A60: SK,ENG,2GLAA/2LATA,1 | B60: =IF(COUNTIF(C60:I60,UI!B$2)=0,"/nope/",ROW(A60)-1) -> /nope/ | C60: {=IF(A60="","",_xlfn.TEXTSPLIT(A60,","))} -> SK | D60: ENG | E60: 2GLAA/2LATA | F60: 1 | G60: =IF(E60="","",IF(I60="",E60,"")) | H60: {=_xlfn.TEXTSPLIT(E60,"/")} -> 2GLAA | I60: 2LATA
A61: SK,ENG,2LATA/2GLAA,1 | B61: =IF(COUNTIF(C61:I61,UI!B$2)=0,"/nope/",ROW(A61)-1) -> /nope/ | C61: {=IF(A61="","",_xlfn.TEXTSPLIT(A61,","))} -> SK | D61: ENG | E61: 2LATA/2GLAA | F61: 1 | G61: =IF(E61="","",IF(I61="",E61,"")) | H61: {=_xlfn.TEXTSPLIT(E61,"/")} -> 2LATA | I61: 2GLAA
A62: SK,ENG,2LATB,2 | B62: =IF(COUNTIF(C62:I62,UI!B$2)=0,"/nope/",ROW(A62)-1) -> /nope/ | C62: {=IF(A62="","",_xlfn.TEXTSPLIT(A62,","))} -> SK | D62: ENG | E62: 2LATB | F62: 2 | G62: =IF(E62="","",IF(I62="",E62,"")) -> 2LATB | H62: {=_xlfn.TEXTSPLIT(E62,"/")} -> 2LATB
A63: SK,ENG,2LATC,2 | B63: =IF(COUNTIF(C63:I63,UI!B$2)=0,"/nope/",ROW(A63)-1) -> /nope/ | C63: {=IF(A63="","",_xlfn.TEXTSPLIT(A63,","))} -> SK | D63: ENG | E63: 2LATC | F63: 2 | G63: =IF(E63="","",IF(I63="",E63,"")) -> 2LATC | H63: {=_xlfn.TEXTSPLIT(E63,"/")} -> 2LATC
A64: SK,ENG,2LATE,2 | B64: =IF(COUNTIF(C64:I64,UI!B$2)=0,"/nope/",ROW(A64)-1) -> /nope/ | C64: {=IF(A64="","",_xlfn.TEXTSPLIT(A64,","))} -> SK | D64: ENG | E64: 2LATE | F64: 2 | G64: =IF(E64="","",IF(I64="",E64,"")) -> 2LATE | H64: {=_xlfn.TEXTSPLIT(E64,"/")} -> 2LATE
A65: SK,NED,2LATC,4 | B65: =IF(COUNTIF(C65:I65,UI!B$2)=0,"/nope/",ROW(A65)-1) -> /nope/ | C65: {=IF(A65="","",_xlfn.TEXTSPLIT(A65,","))} -> SK | D65: NED | E65: 2LATC | F65: 4 | G65: =IF(E65="","",IF(I65="",E65,"")) -> 2LATC | H65: {=_xlfn.TEXTSPLIT(E65,"/")} -> 2LATC
A66: SN,FRANS,2LATD,4 | B66: =IF(COUNTIF(C66:I66,UI!B$2)=0,"/nope/",ROW(A66)-1) -> /nope/ | C66: {=IF(A66="","",_xlfn.TEXTSPLIT(A66,","))} -> SN | D66: FRANS | E66: 2LATD | F66: 4 | G66: =IF(E66="","",IF(I66="",E66,"")) -> 2LATD | H66: {=_xlfn.TEXTSPLIT(E66,"/")} -> 2LATD
A67: SN,FRANS,2GLAA/2LATA,4 | B67: =IF(COUNTIF(C67:I67,UI!B$2)=0,"/nope/",ROW(A67)-1) -> /nope/ | C67: {=IF(A67="","",_xlfn.TEXTSPLIT(A67,","))} -> SN | D67: FRANS | E67: 2GLAA/2LATA | F67: 4 | G67: =IF(E67="","",IF(I67="",E67,"")) | H67: {=_xlfn.TEXTSPLIT(E67,"/")} -> 2GLAA | I67: 2LATA
A68: SN,FRANS,2LATC,4 | B68: =IF(COUNTIF(C68:I68,UI!B$2)=0,"/nope/",ROW(A68)-1) -> /nope/ | C68: {=IF(A68="","",_xlfn.TEXTSPLIT(A68,","))} -> SN | D68: FRANS | E68: 2LATC | F68: 4 | G68: =IF(E68="","",IF(I68="",E68,"")) -> 2LATC | H68: {=_xlfn.TEXTSPLIT(E68,"/")} -> 2LATC
A69: SN,FRANS,2LATE,4 | B69: =IF(COUNTIF(C69:I69,UI!B$2)=0,"/nope/",ROW(A69)-1) -> /nope/ | C69: {=IF(A69="","",_xlfn.TEXTSPLIT(A69,","))} -> SN | D69: FRANS | E69: 2LATE | F69: 4 | G69: =IF(E69="","",IF(I69="",E69,"")) -> 2LATE | H69: {=_xlfn.TEXTSPLIT(E69,"/")} -> 2LATE
A70: UK,FRANS,2LATB,4 | B70: =IF(COUNTIF(C70:I70,UI!B$2)=0,"/nope/",ROW(A70)-1) -> /nope/ | C70: {=IF(A70="","",_xlfn.TEXTSPLIT(A70,","))} -> UK | D70: FRANS | E70: 2LATB | F70: 4 | G70: =IF(E70="","",IF(I70="",E70,"")) -> 2LATB | H70: {=_xlfn.TEXTSPLIT(E70,"/")} -> 2LATB
A71: UK,FRANS,1LATB,4 | B71: =IF(COUNTIF(C71:I71,UI!B$2)=0,"/nope/",ROW(A71)-1) -> /nope/ | C71: {=IF(A71="","",_xlfn.TEXTSPLIT(A71,","))} -> UK | D71: FRANS | E71: 1LATB | F71: 4 | G71: =IF(E71="","",IF(I71="",E71,"")) -> 1LATB | H71: {=_xlfn.TEXTSPLIT(E71,"/")} -> 1LATB
A72: UK,FRANS,1LATE,4 | B72: =IF(COUNTIF(C72:I72,UI!B$2)=0,"/nope/",ROW(A72)-1) -> /nope/ | C72: {=IF(A72="","",_xlfn.TEXTSPLIT(A72,","))} -> UK | D72: FRANS | E72: 1LATE | F72: 4 | G72: =IF(E72="","",IF(I72="",E72,"")) -> 1LATE | H72: {=_xlfn.TEXTSPLIT(E72,"/")} -> 1LATE
A73: UK,FRANS,1LATC,4 | B73: =IF(COUNTIF(C73:I73,UI!B$2)=0,"/nope/",ROW(A73)-1) -> /nope/ | C73: {=IF(A73="","",_xlfn.TEXTSPLIT(A73,","))} -> UK | D73: FRANS | E73: 1LATC | F73: 4 | G73: =IF(E73="","",IF(I73="",E73,"")) -> 1LATC | H73: {=_xlfn.TEXTSPLIT(E73,"/")} -> 1LATC
A74: VBI,LAT,1LATA,5 | B74: =IF(COUNTIF(C74:I74,UI!B$2)=0,"/nope/",ROW(A74)-1) -> /nope/ | C74: {=IF(A74="","",_xlfn.TEXTSPLIT(A74,","))} -> VBI | D74: LAT | E74: 1LATA | F74: 5 | G74: =IF(E74="","",IF(I74="",E74,"")) -> 1LATA | H74: {=_xlfn.TEXTSPLIT(E74,"/")} -> 1LATA
A75: VBI,LAT,1LATC,5 | B75: =IF(COUNTIF(C75:I75,UI!B$2)=0,"/nope/",ROW(A75)-1) -> /nope/ | C75: {=IF(A75="","",_xlfn.TEXTSPLIT(A75,","))} -> VBI | D75: LAT | E75: 1LATC | F75: 5 | G75: =IF(E75="","",IF(I75="",E75,"")) -> 1LATC | H75: {=_xlfn.TEXTSPLIT(E75,"/")} -> 1LATC
A76: VBI,LAT,1LATD,5 | B76: =IF(COUNTIF(C76:I76,UI!B$2)=0,"/nope/",ROW(A76)-1) -> /nope/ | C76: {=IF(A76="","",_xlfn.TEXTSPLIT(A76,","))} -> VBI | D76: LAT | E76: 1LATD | F76: 5 | G76: =IF(E76="","",IF(I76="",E76,"")) -> 1LATD | H76: {=_xlfn.TEXTSPLIT(E76,"/")} -> 1LATD
A77: VCS,AARDR,1LATA,2 | B77: =IF(COUNTIF(C77:I77,UI!B$2)=0,"/nope/",ROW(A77)-1) -> /nope/ | C77: {=IF(A77="","",_xlfn.TEXTSPLIT(A77,","))} -> VCS | D77: AARDR | E77: 1LATA | F77: 2 | G77: =IF(E77="","",IF(I77="",E77,"")) -> 1LATA | H77: {=_xlfn.TEXTSPLIT(E77,"/")} -> 1LATA
A78: VCS,AARDR,1LATB,2 | B78: =IF(COUNTIF(C78:I78,UI!B$2)=0,"/nope/",ROW(A78)-1) -> /nope/ | C78: {=IF(A78="","",_xlfn.TEXTSPLIT(A78,","))} -> VCS | D78: AARDR | E78: 1LATB | F78: 2 | G78: =IF(E78="","",IF(I78="",E78,"")) -> 1LATB | H78: {=_xlfn.TEXTSPLIT(E78,"/")} -> 1LATB
A79: VCS,AARDR,2LATC,1 | B79: =IF(COUNTIF(C79:I79,UI!B$2)=0,"/nope/",ROW(A79)-1) -> /nope/ | C79: {=IF(A79="","",_xlfn.TEXTSPLIT(A79,","))} -> VCS | D79: AARDR | E79: 2LATC | F79: 1 | G79: =IF(E79="","",IF(I79="",E79,"")) -> 2LATC | H79: {=_xlfn.TEXTSPLIT(E79,"/")} -> 2LATC
... A91: VDMB,GESCH,2LATD,2 | B91: =IF(COUNTIF(C91:I91,UI!B$2)=0,"/nope/",ROW(A91)-1) -> /nope/ | C91: {=IF(A91="","",_xlfn.TEXTSPLIT(A91,","))} -> VDMB | D91: GESCH | E91: 2LATD | F91: 2 | G91: =IF(E91="","",IF(I91="",E91,"")) -> 2LATD | H91: {=_xlfn.TEXTSPLIT(E91,"/")} -> 2LATD
A92: VDMB,GESCH,2GLAA/2LATA,2 | B92: =IF(COUNTIF(C92:I92,UI!B$2)=0,"/nope/",ROW(A92)-1) -> /nope/ | C92: {=IF(A92="","",_xlfn.TEXTSPLIT(A92,","))} -> VDMB | D92: GESCH | E92: 2GLAA/2LATA | F92: 2 | G92: =IF(E92="","",IF(I92="",E92,"")) | H92: {=_xlfn.TEXTSPLIT(E92,"/")} -> 2GLAA | I92: 2LATA
A93: VDMB,GESCH,2LATB,2 | B93: =IF(COUNTIF(C93:I93,UI!B$2)=0,"/nope/",ROW(A93)-1) -> /nope/ | C93: {=IF(A93="","",_xlfn.TEXTSPLIT(A93,","))} -> VDMB | D93: GESCH | E93: 2LATB | F93: 2 | G93: =IF(E93="","",IF(I93="",E93,"")) -> 2LATB | H93: {=_xlfn.TEXTSPLIT(E93,"/")} -> 2LATB
A94: VDMB,GESCH,2LATC,2 | B94: =IF(COUNTIF(C94:I94,UI!B$2)=0,"/nope/",ROW(A94)-1) -> /nope/ | C94: {=IF(A94="","",_xlfn.TEXTSPLIT(A94,","))} -> VDMB | D94: GESCH | E94: 2LATC | F94: 2 | G94: =IF(E94="","",IF(I94="",E94,"")) -> 2LATC | H94: {=_xlfn.TEXTSPLIT(E94,"/")} -> 2LATC
A95: VDMB,GESCH,2LATE,2 | B95: =IF(COUNTIF(C95:I95,UI!B$2)=0,"/nope/",ROW(A95)-1) -> /nope/ | C95: {=IF(A95="","",_xlfn.TEXTSPLIT(A95,","))} -> VDMB | D95: GESCH | E95: 2LATE | F95: 2 | G95: =IF(E95="","",IF(I95="",E95,"")) -> 2LATE | H95: {=_xlfn.TEXTSPLIT(E95,"/")} -> 2LATE
A96: VHE,FRANS,1LATA,4 | B96: =IF(COUNTIF(C96:I96,UI!B$2)=0,"/nope/",ROW(A96)-1) -> /nope/ | C96: {=IF(A96="","",_xlfn.TEXTSPLIT(A96,","))} -> VHE | D96: FRANS | E96: 1LATA | F96: 4 | G96: =IF(E96="","",IF(I96="",E96,"")) -> 1LATA | H96: {=_xlfn.TEXTSPLIT(E96,"/")} -> 1LATA
A97: VHE,FRANS,1LATD,4 | B97: =IF(COUNTIF(C97:I97,UI!B$2)=0,"/nope/",ROW(A97)-1) -> /nope/ | C97: {=IF(A97="","",_xlfn.TEXTSPLIT(A97,","))} -> VHE | D97: FRANS | E97: 1LATD | F97: 4 | G97: =IF(E97="","",IF(I97="",E97,"")) -> 1LATD | H97: {=_xlfn.TEXTSPLIT(E97,"/")} -> 1LATD
A98: VHE,WIS,2LATD,5 | B98: =IF(COUNTIF(C98:I98,UI!B$2)=0,"/nope/",ROW(A98)-1) -> /nope/ | C98: {=IF(A98="","",_xlfn.TEXTSPLIT(A98,","))} -> VHE | D98: WIS | E98: 2LATD | F98: 5 | G98: =IF(E98="","",IF(I98="",E98,"")) -> 2LATD | H98: {=_xlfn.TEXTSPLIT(E98,"/")} -> 2LATD
A99: VHE,WIS,2LATC,5 | B99: =IF(COUNTIF(C99:I99,UI!B$2)=0,"/nope/",ROW(A99)-1) -> /nope/ | C99: {=IF(A99="","",_xlfn.TEXTSPLIT(A99,","))} -> VHE | D99: WIS | E99: 2LATC | F99: 5 | G99: =IF(E99="","",IF(I99="",E99,"")) -> 2LATC | H99: {=_xlfn.TEXTSPLIT(E99,"/")} -> 2LATC
A100: VHUE,GRI,2GLAA,2 | B100: =IF(COUNTIF(C100:I100,UI!B$2)=0,"/nope/",ROW(A100)-1) -> /nope/ | C100: {=IF(A100="","",_xlfn.TEXTSPLIT(A100,","))} -> VHUE | D100: GRI | E100: 2GLAA | F100: 2 | G100: =IF(E100="","",IF(I100="",E100,"")) -> 2GLAA | H100: {=_xlfn.TEXTSPLIT(E100,"/")} -> 2GLAA
A101: VHUE,LAT,2LATD,5 | B101: =IF(COUNTIF(C101:I101,UI!B$2)=0,"/nope/",ROW(A101)-1) -> /nope/ | C101: {=IF(A101="","",_xlfn.TEXTSPLIT(A101,","))} -> VHUE | D101: LAT | E101: 2LATD | F101: 5 | G101: =IF(E101="","",IF(I101="",E101,"")) -> 2LATD | H101: {=_xlfn.TEXTSPLIT(E101,"/")} -> 2LATD
A102: VHUE,LAT,2LATC,5 | B102: =IF(COUNTIF(C102:I102,UI!B$2)=0,"/nope/",ROW(A102)-1) -> /nope/ | C102: {=IF(A102="","",_xlfn.TEXTSPLIT(A102,","))} -> VHUE | D102: LAT | E102: 2LATC | F102: 5 | G102: =IF(E102="","",IF(I102="",E102,"")) -> 2LATC | H102: {=_xlfn.TEXTSPLIT(E102,"/")} -> 2LATC
A103: VHUE,LAT,2LATE,5 | B103: =IF(COUNTIF(C103:I103,UI!B$2)=0,"/nope/",ROW(A103)-1) -> /nope/ | C103: {=IF(A103="","",_xlfn.TEXTSPLIT(A103,","))} -> VHUE | D103: LAT | E103: 2LATE | F103: 5 | G103: =IF(E103="","",IF(I103="",E103,"")) -> 2LATE | H103: {=_xlfn.TEXTSPLIT(E103,"/")} -> 2LATE
A104: VM,ENG,1LATA,1 | B104: =IF(COUNTIF(C104:I104,UI!B$2)=0,"/nope/",ROW(A104)-1) -> /nope/ | C104: {=IF(A104="","",_xlfn.TEXTSPLIT(A104,","))} -> VM | D104: ENG | E104: 1LATA | F104: 1 | G104: =IF(E104="","",IF(I104="",E104,"")) -> 1LATA | H104: {=_xlfn.TEXTSPLIT(E104,"/")} -> 1LATA
... A120: VMS,TEC,1LATE,2 | B120: =IF(COUNTIF(C120:I120,UI!B$2)=0,"/nope/",ROW(A120)-1) -> /nope/ | C120: {=IF(A120="","",_xlfn.TEXTSPLIT(A120,","))} -> VMS | D120: TEC | E120: 1LATE | F120: 2 | G120: =IF(E120="","",IF(I120="",E120,"")) -> 1LATE | H120: {=_xlfn.TEXTSPLIT(E120,"/")} -> 1LATE
A121: VMS,TEC,2GLAA/2LATA,2 | B121: =IF(COUNTIF(C121:I121,UI!B$2)=0,"/nope/",ROW(A121)-1) -> /nope/ | C121: {=IF(A121="","",_xlfn.TEXTSPLIT(A121,","))} -> VMS | D121: TEC | E121: 2GLAA/2LATA | F121: 2 | G121: =IF(E121="","",IF(I121="",E121,"")) | H121: {=_xlfn.TEXTSPLIT(E121,"/")} -> 2GLAA | I121: 2LATA
A122: VMS,TEC,2LATB,2 | B122: =IF(COUNTIF(C122:I122,UI!B$2)=0,"/nope/",ROW(A122)-1) -> /nope/ | C122: {=IF(A122="","",_xlfn.TEXTSPLIT(A122,","))} -> VMS | D122: TEC | E122: 2LATB | F122: 2 | G122: =IF(E122="","",IF(I122="",E122,"")) -> 2LATB | H122: {=_xlfn.TEXTSPLIT(E122,"/")} -> 2LATB
A123: VMS,TEC,2LATC,2 | B123: =IF(COUNTIF(C123:I123,UI!B$2)=0,"/nope/",ROW(A123)-1) -> /nope/ | C123: {=IF(A123="","",_xlfn.TEXTSPLIT(A123,","))} -> VMS | D123: TEC | E123: 2LATC | F123: 2 | G123: =IF(E123="","",IF(I123="",E123,"")) -> 2LATC | H123: {=_xlfn.TEXTSPLIT(E123,"/")} -> 2LATC
A124: VMS,TEC,2LATD,2 | B124: =IF(COUNTIF(C124:I124,UI!B$2)=0,"/nope/",ROW(A124)-1) -> /nope/ | C124: {=IF(A124="","",_xlfn.TEXTSPLIT(A124,","))} -> VMS | D124: TEC | E124: 2LATD | F124: 2 | G124: =IF(E124="","",IF(I124="",E124,"")) -> 2LATD | H124: {=_xlfn.TEXTSPLIT(E124,"/")} -> 2LATD
A125: VMS,TEC,2LATE,2 | B125: =IF(COUNTIF(C125:I125,UI!B$2)=0,"/nope/",ROW(A125)-1) -> /nope/ | C125: {=IF(A125="","",_xlfn.TEXTSPLIT(A125,","))} -> VMS | D125: TEC | E125: 2LATE | F125: 2 | G125: =IF(E125="","",IF(I125="",E125,"")) -> 2LATE | H125: {=_xlfn.TEXTSPLIT(E125,"/")} -> 2LATE
B126: =IF(COUNTIF(C126:I126,UI!B$2)=0,"/nope/",ROW(A126)-1) -> /nope/ | C126: {=IF(A126="","",_xlfn.TEXTSPLIT(A126,","))} | G126: =IF(E126="","",IF(I126="",E126,"")) | H126: {=_xlfn.TEXTSPLIT(E126,"/")} -> #VALUE!
B127: =IF(COUNTIF(C127:I127,UI!B$2)=0,"/nope/",ROW(A127)-1) -> /nope/ | C127: {=IF(A127="","",_xlfn.TEXTSPLIT(A127,","))} | G127: =IF(E127="","",IF(I127="",E127,"")) | H127: {=_xlfn.TEXTSPLIT(E127,"/")} -> #VALUE!
B128: =IF(COUNTIF(C128:I128,UI!B$2)=0,"/nope/",ROW(A128)-1) -> /nope/ | C128: {=IF(A128="","",_xlfn.TEXTSPLIT(A128,","))} | G128: =IF(E128="","",IF(I128="",E128,"")) | H128: {=_xlfn.TEXTSPLIT(E128,"/")} -> #VALUE!
B129: =IF(COUNTIF(C129:I129,UI!B$2)=0,"/nope/",ROW(A129)-1) -> /nope/ | C129: {=IF(A129="","",_xlfn.TEXTSPLIT(A129,","))} | G129: =IF(E129="","",IF(I129="",E129,"")) | H129: {=_xlfn.TEXTSPLIT(E129,"/")} -> #VALUE!
...
